{"cameraMode":{"drawMode":0,"name":"Shaded","section":"Shading Mode"},"sceneLighting":false,"audioPlay":false,"sceneViewState":{"m_AlwaysRefresh":false,"showFog":true,"showSkybox":false,"showFlares":true,"showImageEffects":true,"showParticleSystems":true,"showVisualEffectGraphs":true,"m_FxEnabled":true},"in2DMode":false,"pivot":{"x":-1.6781903505325318,"y":-0.059465013444423679,"z":-2.4165773391723635},"rotation":{"x":-0.2592843770980835,"y":0.6618241667747498,"z":-0.2630448639392853,"w":-0.6523630619049072},"size":2.3295059204101564,"orthographic":false}