{"cameraMode":{"drawMode":0,"name":"Shaded","section":"Shading Mode"},"sceneLighting":false,"audioPlay":false,"sceneViewState":{"m_AlwaysRefresh":false,"showFog":true,"showSkybox":false,"showFlares":true,"showImageEffects":true,"showParticleSystems":true,"showVisualEffectGraphs":true,"m_FxEnabled":true},"in2DMode":false,"pivot":{"x":-0.33964622020721438,"y":0.7621074914932251,"z":0.06771337985992432},"rotation":{"x":0.19123725593090058,"y":0.7861791253089905,"z":-0.507593035697937,"w":0.29618942737579348},"size":0.05598422512412071,"orthographic":false}