{"cameraMode":{"drawMode":0,"name":"Shaded","section":"Shading Mode"},"sceneLighting":false,"audioPlay":false,"sceneViewState":{"m_AlwaysRefresh":false,"showFog":true,"showSkybox":false,"showFlares":true,"showImageEffects":true,"showParticleSystems":true,"showVisualEffectGraphs":true,"m_FxEnabled":true},"in2DMode":false,"pivot":{"x":-0.07640537619590759,"y":0.3557308316230774,"z":-8.657999992370606},"rotation":{"x":-0.021096142008900644,"y":-0.952487051486969,"z":0.2962043285369873,"w":-0.06783860176801682},"size":0.7595657110214233,"orthographic":false}